{
  "aucGlucose": {
    "MAE": 105.63368213959853,
    "R2": 0.9949378381942353
  },
  "deltaGlucose": {
    "MAE": 0.8520393333513371,
    "R2": 0.9981061497806247
  },
  "spike": {
    "ACC": 1.0,
    "F1": 1.0
  },
  "timeToPeak": {
    "MAE": 2.45809389264369,
    "R2": 0.9887527698252547
  },
  "durationAboveBaseline": {
    "MAE": 1.6275489886638022,
    "R2": 0.9962063630257204
  },
  "timeToReturnBaseline": {
    "MAE": 0.1604741138030723,
    "R2": 0.9989526944382116
  },
  "numFluctuations": {
    "MAE": 0.32633676928005784,
    "R2": 0.9946208936626337
  }
}