{
  "core_min": {
    "n_obs": 179,
    "r2_ols": 0.030270997251343523,
    "r2_adj": 0.024792302320560067,
    "aic": 2114.5224682520875,
    "bic": 2120.897239863769
  }
}