{
  "hrv_sdnn_ms": {
    "n_obs": 171,
    "r2_ols": 0.09871574715702736,
    "r2_adj": 0.08798617271842057,
    "aic": 1630.1944945912296,
    "bic": 1639.6194852607375
  }
}