{
  "active_kcal": {
    "n_obs": 184,
    "r2_ols": 0.01918103521644543,
    "r2_adj": -0.03155098020339353,
    "aic": 2298.113523236016,
    "bic": 2330.262880812106
  }
}