{
  "energy_score": {
    "n_obs": 184,
    "r2_ols": 0.020921191877920742,
    "r2_adj": -0.0297208154387385,
    "aic": 2483.098192742504,
    "bic": 2515.2475503185938
  }
}