{
  "aucGlucose": {
    "train": {
      "MAE": 55.74148334703948,
      "R2": 0.9986743942195359
    },
    "test": {
      "MAE": 1507.4976515997023,
      "R2": -0.06787305123985687
    }
  },
  "deltaGlucose": {
    "train": {
      "MAE": 0.5272731583075304,
      "R2": 0.9993822103180845
    },
    "test": {
      "MAE": 15.761687511489505,
      "R2": -0.05678915812251217
    }
  },
  "spike": {
    "train": {
      "ACC": 1.0,
      "F1": 1.0
    },
    "test": {
      "ACC": 0.5476190476190477,
      "F1": 0.24
    }
  },
  "timeToPeak": {
    "train": {
      "MAE": 0.8783085417362677,
      "R2": 0.9983642173120487
    },
    "test": {
      "MAE": 32.37879197949606,
      "R2": -0.2096881960392376
    }
  },
  "durationAboveBaseline": {
    "train": {
      "MAE": 0.9535188810997888,
      "R2": 0.9986298146633428
    },
    "test": {
      "MAE": 34.320842050370715,
      "R2": -0.03868477476145449
    }
  },
  "timeToReturnBaseline": {
    "train": {
      "MAE": 0.08712921361580231,
      "R2": 0.9997712504322133
    },
    "test": {
      "MAE": 2.758726856871257,
      "R2": -37.77852412398033
    }
  },
  "numFluctuations": {
    "train": {
      "MAE": 0.15776756444553797,
      "R2": 0.9987078615736397
    },
    "test": {
      "MAE": 4.490135164000094,
      "R2": -0.1867648753386173
    }
  }
}