{
  "total_min": {
    "n_obs": 172,
    "r2_ols": 0.0502055598266502,
    "r2_adj": -0.0025607979607580322,
    "aic": 2098.446639633048,
    "bic": 2129.921584401183
  }
}