{
  "steps_sum": {
    "n_obs": 181,
    "r2_ols": 0.09472084619567078,
    "r2_adj": 0.0896634207554231,
    "aic": 3651.594540423863,
    "bic": 3657.9915344863944
  }
}