{
  "basal_kcal": {
    "n_obs": 171,
    "r2_ols": 0.09241610087122054,
    "r2_adj": 0.0705466093259487,
    "aic": 1944.8053178821378,
    "bic": 1960.5136356646512
  }
}