{
  "deep_min": {
    "n_obs": 172,
    "r2_ols": 0.04159188307925965,
    "r2_adj": -0.005446552107034375,
    "aic": 1572.0496772435263,
    "bic": 1600.3771275348474
  }
}