{
  "rem_min": {
    "n_obs": 174,
    "r2_ols": 0.1380520409449555,
    "r2_adj": 0.12797077826594905,
    "aic": 1737.3983300895075,
    "bic": 1746.875495987151
  }
}