{
  "energy_score": {
    "n_obs": 175,
    "r2_ols": 0.010802037884930726,
    "r2_adj": -0.04315421459407287,
    "aic": 2295.044173031871,
    "bic": 2326.6920327711064
  }
}