{
  "inbed_min": {
    "n_obs": 172,
    "r2_ols": 0.0664541361848614,
    "r2_adj": 0.02063593427982402,
    "aic": 1770.0280859108245,
    "bic": 1798.3555362021457
  }
}