{
  "steps_sum": {
    "n_obs": 172,
    "r2_ols": 0.31632484041840303,
    "r2_adj": 0.2600730867819425,
    "aic": 3446.8937535043046,
    "bic": 3490.958676179693
  }
}