{
  "resting_hr_bpm": {
    "n_obs": 172,
    "r2_ols": 0.0545659648679202,
    "r2_adj": 0.043377396404818636,
    "aic": 1261.9768204188601,
    "bic": 1271.4193038493006
  }
}