{
  "basal_kcal": {
    "n_obs": 184,
    "r2_ols": 0.027306296110246375,
    "r2_adj": -0.023005447194396123,
    "aic": 2290.577958626031,
    "bic": 2322.7273162021206
  }
}