{
  "resting_hr_bpm": {
    "n_obs": 184,
    "r2_ols": 0.04285726119614475,
    "r2_adj": 0.03759823515876093,
    "aic": 1376.5164041394803,
    "bic": 1382.9462756546982
  }
}