{
  "steps_sum": {
    "n_obs": 176,
    "r2_ols": 0.08633585493449336,
    "r2_adj": 0.08108491157204789,
    "aic": 3551.5859045062043,
    "bic": 3557.926872496281
  }
}