{
  "rem_min": {
    "n_obs": 179,
    "r2_ols": 0.13625337984452834,
    "r2_adj": 0.12643807734276158,
    "aic": 1785.0733380571653,
    "bic": 1794.6354954746876
  }
}