{
  "total_min": {
    "n_obs": 168,
    "r2_ols": 0.07251617475404881,
    "r2_adj": -0.005777914390090011,
    "aic": 2057.126678465262,
    "bic": 2100.8621741769075
  }
}