{
  "resting_hr_bpm": {
    "n_obs": 175,
    "r2_ols": 0.02927861858110814,
    "r2_adj": 0.023667512330131868,
    "aic": 1283.672613349945,
    "bic": 1290.002185297792
  }
}