{
  "inbed_min": {
    "n_obs": 179,
    "r2_ols": 0.0641519813385315,
    "r2_adj": 0.0201120745779918,
    "aic": 1834.7139870833632,
    "bic": 1863.40045933593
  }
}