{
  "energy_score": {
    "n_obs": 171,
    "r2_ols": 0.06067105957139807,
    "r2_adj": -0.01710776989084284,
    "aic": 2244.418661820953,
    "bic": 2288.40195161199
  }
}