{
  "hrv_sdnn_ms": {
    "n_obs": 175,
    "r2_ols": 0.10161888838938482,
    "r2_adj": 0.09117259639391251,
    "aic": 1670.5079409330888,
    "bic": 1680.0022988548594
  }
}