{
  "glucose_mean": {
    "n_obs": 89,
    "r2_ols": 0.0525373503628942,
    "r2_adj": -0.029342137877349517,
    "aic": 631.5740729949503,
    "bic": 651.4831639528073
  }
}