{
  "total_min": {
    "n_obs": 174,
    "r2_ols": 0.12347847332600559,
    "r2_adj": 0.06970414653618995,
    "aic": 2107.861733618274,
    "bic": 2142.6113419096337
  }
}