{
  "core_min": {
    "n_obs": 173,
    "r2_ols": 0.0728956581555672,
    "r2_adj": 0.02170584786967833,
    "aic": 2056.6925814327897,
    "bic": 2088.2254973777676
  }
}