{
  "deep_min": {
    "n_obs": 179,
    "r2_ols": 0.03494826520686989,
    "r2_adj": -0.01046593407751284,
    "aic": 1642.6832771301895,
    "bic": 1671.3697493827563
  }
}