{
  "rem_min": {
    "n_obs": 168,
    "r2_ols": 0.02314564349067405,
    "r2_adj": -0.0524817905616608,
    "aic": 1720.7729567938222,
    "bic": 1761.3844885260646
  }
}