{
  "core_min": {
    "n_obs": 169,
    "r2_ols": 0.10079238581612715,
    "r2_adj": 0.025374973013608693,
    "aic": 2015.993174678373,
    "bic": 2059.811756687296
  }
}