{
  "total_min": {
    "n_obs": 168,
    "r2_ols": 0.061257037430933026,
    "r2_adj": -0.011419837090543172,
    "aic": 2057.1538254687284,
    "bic": 2097.765357200971
  }
}