{
  "active_kcal": {
    "n_obs": 175,
    "r2_ols": 0.011735791394754225,
    "r2_adj": -0.04216952907462268,
    "aic": 2184.1291294527896,
    "bic": 2215.7769891920248
  }
}