{
  "inbed_min": {
    "n_obs": 168,
    "r2_ols": 0.07434535010603782,
    "r2_adj": 0.0026817643077956532,
    "aic": 1739.7633052437927,
    "bic": 1780.374836976035
  }
}