{
  "hrv_sdnn_ms": {
    "n_obs": 184,
    "r2_ols": 0.10180476031671248,
    "r2_adj": 0.09187995103844415,
    "aic": 1749.2176191528083,
    "bic": 1758.8624264256352
  }
}