{
  "active_kcal": {
    "n_obs": 171,
    "r2_ols": 0.05673402467658328,
    "r2_adj": -0.02137080130561042,
    "aic": 2137.984903556524,
    "bic": 2181.9681933475613
  }
}