{
  "total_min": {
    "n_obs": 179,
    "r2_ols": 0.04495953361750671,
    "r2_adj": -0.005900609562626169,
    "aic": 2180.1676605179887,
    "bic": 2212.0415185763964
  }
}