{
  "deep_min": {
    "n_obs": 168,
    "r2_ols": 0.044279620219226934,
    "r2_adj": -0.02971163498960716,
    "aic": 1541.2571211053541,
    "bic": 1581.8686528375965
  }
}