{
  "basal_kcal": {
    "n_obs": 175,
    "r2_ols": 0.05830860622154188,
    "r2_adj": 0.04735870629388539,
    "aic": 1991.290765036079,
    "bic": 2000.7851229578496
  }
}